{
    "ABN.AS": 20.50625,
    "ADYEN.AS": 1888.553,
    "AGN.AS": 6.73533,
    "AKZA.AS": 69.0,
    "MT.AS": 31.203833,
    "ASM.AS": 614.4091,
    "ASML.AS": 768.84375,
    "ASRNL.AS": 56.58733,
    "BESI.AS": 127.81364,
    "DSFIR.AS": 122.48238,
    "EXO.AS": 119.0,
    "HEIA.AS": 91.08273,
    "IMCD.AS": 157.4,
    "INGA.AS": 19.55111,
    "PHIA.AS": 25.45814,
    "AD.AS": 36.37765,
    "KPN.AS": 4.00857,
    "NN.AS": 53.75938,
    "PRX.AS": 54.25765,
    "RAND.AS": 40.86875,
    "REN.AS": 51.4,
    "SHELL.AS": 33.581074,
    "UNA.AS": 62.25,
    "UMG.AS": 29.42222,
    "WKL.AS": 163.95833
}