{
    "ADYEN.AS": 1868.553,
    "ASML.AS": 768.84375,
    "AD.AS": 36.37765,
    "AKZA.AS": 69.0,
    "ABN.AS": 20.50625,
    "HEIA.AS": 91.08273,
    "IMCD.AS": 158.86667,
    "INGA.AS": 19.55111,
    "KPN.AS": 4.00857,
    "NN.AS": 53.75938,
    "PHIA.AS": 25.45814,
    "RAND.AS": 40.86875,
    "REN.AS": 51.4,
    "WKL.AS": 163.95833,
    "UNA.AS": 62.25,
    "MT.AS": 31.092327,
    "PRX.AS": 54.25765
}