{
    "sources": {
        "manual": {
            "ABN.AS": 43.749602755014976,
            "ADYEN.AS": 1450.257180439291,
            "AGN.AS": 4.296617662626644,
            "AKZA.AS": 11.915999999999997,
            "MT.AS": 5.471999999999999,
            "ASM.AS": 364.3983061286159,
            "ASML.AS": 772.895474549062,
            "ASRNL.AS": 50.76477289528813,
            "BESI.AS": 31.244070504808047,
            "DSFIR.AS": 69.66547898228222,
            "EXO.AS": 179.54614862539535,
            "HEIA.AS": 60.789479570195766,
            "IMCD.AS": 83.87738813588052,
            "INGA.AS": 24.764603597403546,
            "PHIA.AS": 10.271006712116773,
            "AD.AS": 148.28,
            "KPN.AS": 4.189373543186509,
            "NN.AS": 51.64941843925036,
            "PRX.AS": 18.302040612330945,
            "RAND.AS": 32.34442058751124,
            "REN.AS": 23.177774542763167,
            "SHELL.AS": 90.69937845184508,
            "UNA.AS": 57.170103044874686,
            "UMG.AS": 16.141194996884682,
            "WKL.AS": 138.5335351707761
        },
        "dcf": {
            "ABN.AS": 43.749602755014976,
            "ADYEN.AS": 1450.257180439291,
            "AGN.AS": 4.296617662626644,
            "AKZA.AS": 11.915999999999997,
            "MT.AS": 5.471999999999999,
            "ASM.AS": 364.3983061286159,
            "ASML.AS": 772.895474549062,
            "ASRNL.AS": 50.76477289528813,
            "BESI.AS": 31.244070504808047,
            "DSFIR.AS": 69.66547898228222,
            "EXO.AS": 179.54614862539535,
            "HEIA.AS": 60.789479570195766,
            "IMCD.AS": 83.87738813588052,
            "INGA.AS": 24.764603597403546,
            "PHIA.AS": 10.271006712116773,
            "AD.AS": 148.28,
            "KPN.AS": 4.189373543186509,
            "NN.AS": 51.64941843925036,
            "PRX.AS": 18.302040612330945,
            "RAND.AS": 32.34442058751124,
            "REN.AS": 23.177774542763167,
            "SHELL.AS": 90.69937845184508,
            "UNA.AS": 57.170103044874686,
            "UMG.AS": 16.141194996884682,
            "WKL.AS": 138.5335351707761
        },
        "analyst": {
            "ABN.AS": 20.50625,
            "ADYEN.AS": 1888.553,
            "AGN.AS": 6.73533,
            "AKZA.AS": 69.0,
            "MT.AS": 31.203833,
            "ASM.AS": 614.4091,
            "ASML.AS": 768.84375,
            "ASRNL.AS": 56.58733,
            "BESI.AS": 127.81364,
            "DSFIR.AS": 122.48238,
            "EXO.AS": 119.0,
            "HEIA.AS": 91.08273,
            "IMCD.AS": 157.4,
            "INGA.AS": 19.55111,
            "PHIA.AS": 25.45814,
            "AD.AS": 36.37765,
            "KPN.AS": 4.00857,
            "NN.AS": 53.75938,
            "PRX.AS": 54.25765,
            "RAND.AS": 40.86875,
            "REN.AS": 51.4,
            "SHELL.AS": 33.581074,
            "UNA.AS": 62.25,
            "UMG.AS": 29.42222,
            "WKL.AS": 163.95833
        }
    },
    "priority": [
        "dcf",
        "manual",
        "analyst"
    ],
    "last_updated": {
        "time": "2025-05-18 18:06:16",
        "source": "dcf"
    }
}